ID,Type,Statut,Horodatage
fourmi_316,exploration,terminée,2025-07-07 20:38:26
fourmi_440,analyse,terminée,2025-07-07 20:38:26
fourmi_107,veille,terminée,2025-07-07 20:38:26
fourmi_655,veille,en cours,2025-07-25 01:05:48
fourmi_744,analyse,en cours,2025-07-24 01:05:48
fourmi_555,exploration,terminée,2025-07-31 01:05:48
fourmi_711,analyse,terminée,2025-07-25 01:05:48
fourmi_173,analyse,en cours,2025-07-25 01:05:48
fourmi_479,veille,terminée,2025-07-28 01:05:48
fourmi_666,analyse,terminée,2025-07-29 01:05:48
fourmi_530,détection,inactif,2025-08-01 01:05:48
fourmi_426,veille,en cours,2025-08-01 01:05:48
fourmi_379,détection,terminée,2025-07-26 01:05:48
fourmi_623,exploration,en cours,2025-07-25 01:25:21
fourmi_744,exploration,en cours,2025-07-24 01:25:21
fourmi_913,analyse,en cours,2025-07-24 01:25:21
fourmi_117,analyse,inactif,2025-07-31 01:25:21
fourmi_592,veille,en cours,2025-07-25 01:25:21
fourmi_357,exploration,inactif,2025-07-25 01:25:21
fourmi_178,analyse,inactif,2025-07-28 01:25:21
fourmi_328,veille,en cours,2025-07-24 01:25:21
fourmi_978,détection,en cours,2025-07-22 01:25:21
fourmi_884,détection,terminée,2025-07-30 01:25:21
